{
	"info": {
		"_postman_id": "74309adb-da97-4611-beb8-d6b2f2466c76",
		"name": "go-market",
		"schema": "https://schema.getpostman.com/json/collection/v2.1.0/collection.json",
		"_exporter_id": "36288379"
	},
	"item": [
		{
			"name": "Products",
			"item": [
				{
					"name": "Create A New Product 1",
					"event": [
						{
							"listen": "test",
							"script": {
								"exec": [
									"let response = pm.response.json();\r",
									"pm.environment.set(\"product_id\", response.product_id);"
								],
								"type": "text/javascript",
								"packages": {}
							}
						}
					],
					"request": {
						"method": "POST",
						"header": [],
						"body": {
							"mode": "raw",
							"raw": "{\r\n  \"name\": \"Wireless Headphones\",\r\n  \"description\": \"Noise-cancelling over-ear headphones\",\r\n  \"price\": 15000,\r\n  \"category\": \"Electronics\"\r\n}",
							"options": {
								"raw": {
									"language": "json"
								}
							}
						},
						"url": {
							"raw": "localhost:8080/products",
							"host": [
								"localhost"
							],
							"port": "8080",
							"path": [
								"products"
							]
						}
					},
					"response": []
				},
				{
					"name": "Create A New Product 2",
					"event": [
						{
							"listen": "test",
							"script": {
								"exec": [
									"let response = pm.response.json();\r",
									"pm.environment.set(\"product_id\", response.product_id);"
								],
								"type": "text/javascript",
								"packages": {}
							}
						}
					],
					"request": {
						"method": "POST",
						"header": [],
						"body": {
							"mode": "raw",
							"raw": "{\r\n  \"name\": \"Stylish Winter Jacket\",\r\n  \"description\": \"A warm and fashionable winter jacket perfect for cold weather.\",\r\n  \"price\": 80000,\r\n  \"category\": \"fashion\"\r\n}\r\n",
							"options": {
								"raw": {
									"language": "json"
								}
							}
						},
						"url": {
							"raw": "localhost:8080/products",
							"host": [
								"localhost"
							],
							"port": "8080",
							"path": [
								"products"
							]
						}
					},
					"response": []
				},
				{
					"name": "Get All Products",
					"request": {
						"method": "GET",
						"header": [],
						"url": {
							"raw": "localhost:8080/products",
							"host": [
								"localhost"
							],
							"port": "8080",
							"path": [
								"products"
							]
						}
					},
					"response": []
				},
				{
					"name": "Get Product By ID",
					"request": {
						"method": "GET",
						"header": [],
						"url": {
							"raw": "localhost:8080/products/:product_id",
							"host": [
								"localhost"
							],
							"port": "8080",
							"path": [
								"products",
								":product_id"
							],
							"variable": [
								{
									"key": "product_id",
									"value": "2"
								}
							]
						}
					},
					"response": []
				},
				{
					"name": "Get Product By Category",
					"request": {
						"method": "GET",
						"header": [],
						"url": {
							"raw": "localhost:8080/products?category=fashion",
							"host": [
								"localhost"
							],
							"port": "8080",
							"path": [
								"products"
							],
							"query": [
								{
									"key": "category",
									"value": "fashion"
								}
							]
						}
					},
					"response": []
				},
				{
					"name": "Get Product By Name",
					"request": {
						"method": "GET",
						"header": [],
						"url": {
							"raw": "localhost:8080/products?name=wireless",
							"host": [
								"localhost"
							],
							"port": "8080",
							"path": [
								"products"
							],
							"query": [
								{
									"key": "name",
									"value": "wireless"
								}
							]
						}
					},
					"response": []
				},
				{
					"name": "Update Product By ID",
					"request": {
						"method": "PUT",
						"header": [],
						"body": {
							"mode": "raw",
							"raw": "{\r\n  \"name\": \"Wireless Charger\",\r\n  \"description\": \"Samsung Wireless Charger\",\r\n  \"price\": 300000,\r\n  \"category\": \"Electronics\",\r\n  \"image_path\": \"/images/wireless-charger.jpg\"\r\n}",
							"options": {
								"raw": {
									"language": "json"
								}
							}
						},
						"url": {
							"raw": "localhost:8080/products/:product_id",
							"host": [
								"localhost"
							],
							"port": "8080",
							"path": [
								"products",
								":product_id"
							],
							"variable": [
								{
									"key": "product_id",
									"value": "2"
								}
							]
						}
					},
					"response": []
				},
				{
					"name": "Delete Product By ID",
					"request": {
						"method": "DELETE",
						"header": [],
						"body": {
							"mode": "raw",
							"raw": "",
							"options": {
								"raw": {
									"language": "json"
								}
							}
						},
						"url": {
							"raw": "localhost:8080/products/:product_id",
							"host": [
								"localhost"
							],
							"port": "8080",
							"path": [
								"products",
								":product_id"
							],
							"variable": [
								{
									"key": "product_id",
									"value": "3"
								}
							]
						}
					},
					"response": []
				},
				{
					"name": "Upload Product Image",
					"request": {
						"method": "POST",
						"header": [
							{
								"key": "Content-Type",
								"value": "image/",
								"type": "text"
							}
						],
						"body": {
							"mode": "formdata",
							"formdata": [
								{
									"key": "image",
									"type": "file",
									"src": "/D:/1. CS/Dibimbing/Assignment/day-26/assignment-26/sample.png"
								}
							]
						},
						"url": {
							"raw": "localhost:8080/products/:id/productImage",
							"host": [
								"localhost"
							],
							"port": "8080",
							"path": [
								"products",
								":id",
								"productImage"
							],
							"variable": [
								{
									"key": "id",
									"value": "1"
								}
							]
						}
					},
					"response": []
				},
				{
					"name": "Dowload Product Image",
					"protocolProfileBehavior": {
						"disableBodyPruning": true
					},
					"request": {
						"method": "GET",
						"header": [
							{
								"key": "Content-Type",
								"value": "image/",
								"type": "text"
							}
						],
						"body": {
							"mode": "formdata",
							"formdata": [
								{
									"key": "image",
									"type": "file",
									"src": "/C:/Users/nadia/OneDrive/Pictures/Screenshots/Screenshot 2024-10-24 115954.png"
								},
								{
									"key": "name",
									"value": "product-image.png",
									"type": "text"
								}
							]
						},
						"url": {
							"raw": "localhost:8080/products/:id/productImage",
							"host": [
								"localhost"
							],
							"port": "8080",
							"path": [
								"products",
								":id",
								"productImage"
							],
							"variable": [
								{
									"key": "id",
									"value": "1"
								}
							]
						}
					},
					"response": []
				}
			]
		},
		{
			"name": "Inventory",
			"item": [
				{
					"name": "Get All Inventories",
					"request": {
						"method": "GET",
						"header": [],
						"url": {
							"raw": "localhost:8080/inventories",
							"host": [
								"localhost"
							],
							"port": "8080",
							"path": [
								"inventories"
							]
						}
					},
					"response": []
				},
				{
					"name": "Get Inventory By ProductID",
					"request": {
						"method": "GET",
						"header": [],
						"url": {
							"raw": "localhost:8080/inventories/:product_id",
							"host": [
								"localhost"
							],
							"port": "8080",
							"path": [
								"inventories",
								":product_id"
							],
							"variable": [
								{
									"key": "product_id",
									"value": "1"
								}
							]
						}
					},
					"response": []
				},
				{
					"name": "Update Inventory By ProductID",
					"request": {
						"method": "PUT",
						"header": [],
						"body": {
							"mode": "raw",
							"raw": "{\r\n    \"stock\": 90,\r\n    \"location\": \"Surabaya\"\r\n}",
							"options": {
								"raw": {
									"language": "json"
								}
							}
						},
						"url": {
							"raw": "localhost:8080/inventories/:product_id",
							"host": [
								"localhost"
							],
							"port": "8080",
							"path": [
								"inventories",
								":product_id"
							],
							"variable": [
								{
									"key": "product_id",
									"value": "1"
								}
							]
						}
					},
					"response": []
				}
			]
		},
		{
			"name": "Order",
			"item": [
				{
					"name": "Create a New Order",
					"request": {
						"method": "POST",
						"header": [],
						"body": {
							"mode": "raw",
							"raw": "{\r\n    \"product_id\": 1,\r\n    \"quantity\": 2\r\n}",
							"options": {
								"raw": {
									"language": "json"
								}
							}
						},
						"url": {
							"raw": "localhost:8080/orders",
							"host": [
								"localhost"
							],
							"port": "8080",
							"path": [
								"orders"
							]
						}
					},
					"response": []
				},
				{
					"name": "Get Order By OrderID",
					"request": {
						"method": "GET",
						"header": [],
						"url": {
							"raw": "localhost:8080/orders/:order_id",
							"host": [
								"localhost"
							],
							"port": "8080",
							"path": [
								"orders",
								":order_id"
							],
							"variable": [
								{
									"key": "order_id",
									"value": "1"
								}
							]
						}
					},
					"response": []
				}
			]
		}
	]
}